{
    "authors": {
        "name": "Kevin Braun",
        "url": "https://os.mbed.com/users/loopsva/"
    },
    "build": {
        "builder": "MbedLibBuilder"
    },
    "description": "I2C device discovery and printout of known device names",
    "frameworks": "mbed",
    "keywords": [
        "i2c"
    ],
    "name": "i2cDevices",
    "platforms": "*",
    "repository": {
        "type": "hg",
        "url": "https://os.mbed.com/users/loopsva/code/i2cDevices/"
    },
    "version": "0.0.0+sha.df49b3ed3502"
}